PLAYER,GP,PTS,FGM,FGA,3PM,3PA,FTM,FTA
Trae Young,76,2155,711,1544,233,610,500,553
DeMar DeRozan,76,2118,774,1535,50,142,520,593
Joel Embiid,68,2079,666,1334,93,251,654,803
Jayson Tatum,76,2046,708,1564,230,651,400,469
Nikola Jokic,74,2004,764,1311,97,288,379,468
Giannis Antetokounmpo,67,2002,689,1245,71,242,553,766
Luka Doncic,65,1847,641,1403,201,569,364,489
Devin Booker,68,1822,662,1421,183,478,315,363
Karl-Anthony Towns,74,1818,642,1214,150,366,384,467
Donovan Mitchell,67,1733,617,1376,232,654,267,313
LeBron James,56,1695,640,1221,161,448,254,336
Kevin Durant,55,1643,578,1115,115,300,372,409
Zach LaVine,67,1635,565,1186,185,475,320,375
Stephen Curry,64,1630,535,1224,285,750,275,298
Miles Bridges,80,1613,596,1214,154,465,267,333
Ja Morant,57,1564,580,1177,88,256,316,415
Jaylen Brown,66,1559,576,1217,166,464,241,318
Pascal Siakam,68,1551,596,1207,75,218,284,379
Anthony Edwards,72,1533,549,1245,215,602,220,280
LaMelo Ball,75,1508,538,1254,220,565,212,243
Darius Garland,68,1473,542,1173,174,454,215,241
Julius Randle,72,1447,512,1246,120,390,303,401
Russell Westbrook,78,1441,548,1233,79,265,266,399
Dejounte Murray,68,1438,573,1241,96,294,196,247
James Harden,65,1432,407,992,148,448,470,536
Terry Rozier,73,1408,518,1167,222,593,150,176
Jordan Poole,76,1405,474,1058,211,580,246,266
RJ Barrett,70,1402,487,1194,138,404,290,406
Desmond Bane,76,1384,508,1101,228,523,140,155
Shai Gilgeous-Alexander,56,1371,477,1052,89,297,328,405
CJ McCollum,62,1370,536,1164,182,469,116,170
De'Aaron Fox,59,1367,516,1092,74,249,261,348
Tyler Herro,66,1367,501,1122,175,439,190,219
Khris Middleton,66,1325,452,1021,162,434,259,291
Saddiq Bey,82,1321,450,1136,211,610,210,254
Fred VanVleet,65,1320,442,1097,242,642,194,222
Jonas Valanciunas,74,1314,510,938,57,158,237,289
Tyrese Maxey,75,1311,483,995,132,309,213,246
Nikola Vucevic,73,1288,546,1154,104,331,92,121
Jalen Brunson,79,1285,506,1008,94,252,179,213
Gary Trent Jr.,70,1283,450,1086,209,545,174,204
Keldon Johnson,75,1278,471,1011,159,399,177,234
Jaren Jackson Jr.,78,1272,430,1036,128,401,284,345
Jordan Clarkson,79,1266,466,1113,190,597,144,174
Buddy Hield,81,1265,446,1098,262,716,111,127
Harrison Barnes,77,1265,391,834,142,360,341,413
Reggie Jackson,75,1263,479,1222,167,512,138,163
Tobias Harris,73,1257,493,1022,101,275,170,202
Andrew Wiggins,73,1256,475,1019,157,399,149,235
Bojan Bogdanovic,69,1248,422,928,181,468,223,260
Brandon Ingram,55,1246,453,983,74,226,266,322
Jrue Holiday,67,1225,478,954,132,321,137,180
Jimmy Butler,57,1219,398,829,27,116,396,455
Christian Wood,68,1218,440,878,131,336,207,332
Franz Wagner,79,1197,456,975,96,271,189,219
Tyrese Haliburton,77,1181,430,909,161,389,160,190
D'Angelo Russell,65,1176,401,975,176,518,198,240
Domantas Sabonis,62,1171,443,773,39,125,246,332
Mikal Bridges,82,1162,458,858,115,312,131,157
Jalen Green,67,1157,406,954,157,458,188,236
Kelly Oubre Jr.,76,1137,410,932,191,553,126,189
Scottie Barnes,74,1134,459,932,58,193,158,215
Kyle Kuzma,66,1130,423,936,128,375,156,219
Aaron Gordon,75,1126,434,834,87,260,171,230
Evan Fournier,80,1125,402,965,241,619,80,113
Cade Cunningham,64,1114,429,1031,114,363,142,168
Bam Adebayo,56,1068,406,729,0,6,256,340
Cole Anthony,65,1062,357,912,132,391,216,253
Bobby Portis,72,1052,417,871,133,338,85,113
Malik Monk,76,1048,391,826,173,442,93,117
Will Barton,71,1043,392,896,157,430,102,127
Evan Mobley,69,1034,422,830,23,92,167,252
Kristaps Porzingis,51,1030,352,767,78,252,248,286
Rudy Gobert,66,1027,362,508,0,4,303,439
Kentavious Caldwell-Pope,77,1018,361,829,159,408,137,154
Kevin Love,74,1007,327,761,187,477,166,198
Deandre Ayton,58,997,442,697,7,19,106,142
Derrick White,75,992,337,800,115,369,203,235
Anfernee Simons,57,988,353,797,179,442,103,116
Caris LeVert,58,986,379,854,82,256,146,193
Mike Conley,72,986,344,791,169,414,129,162
Seth Curry,64,960,360,739,158,374,82,94
Chris Paul,65,958,363,736,63,199,169,202
Malik Beasley,79,953,332,850,240,637,49,60
Bogdan Bogdanovic,63,950,342,794,169,459,97,115
Kevin Porter Jr.,61,949,335,808,155,413,124,193
Monte Morris,75,945,374,773,124,314,73,84
Alec Burks,81,944,285,728,157,389,217,264
Montrezl Harrell,71,932,358,555,4,17,212,296
Wendell Carter Jr.,62,931,359,684,70,214,143,207
Bradley Beal,40,928,348,771,63,210,169,203
Anthony Davis,40,927,370,695,13,70,174,244
Patty Mills,81,923,324,794,227,568,48,59
Carmelo Anthony,69,919,319,723,149,397,132,159
Jae'Sean Tate,78,919,363,729,63,202,130,184
Spencer Dinwiddie,67,919,306,735,112,330,195,252
Jakob Poeltl,68,915,410,663,1,1,94,190
Jarrett Allen,56,904,369,545,1,10,165,233
Jerami Grant,47,904,298,699,91,254,217,259
Devonte' Graham,76,902,296,815,192,563,118,140
Lauri Markkanen,61,900,313,703,136,380,138,159
Kevin Huerter,74,892,345,760,160,411,42,52
Immanuel Quickley,78,882,284,724,137,396,177,201
Dorian Finney-Smith,80,880,326,692,172,435,56,83
Luguentz Dort,51,877,293,726,130,391,161,191
John Collins,54,876,339,644,64,176,134,169
Devin Vassell,71,872,326,764,137,380,83,99
Terance Mann,81,872,334,690,76,208,128,164
Dennis Schroder,64,867,312,724,86,250,157,184
Duncan Robinson,79,863,290,726,232,624,51,61
Davion Mitchell,75,861,352,843,101,320,56,85
Marcus Smart,71,861,300,718,119,360,142,179
Norman Powell,45,853,279,605,106,253,189,233
Lonnie Walker IV,70,849,311,764,111,353,116,148
Kyle Lowry,63,844,276,627,144,382,148,174
Jusuf Nurkic,56,842,321,600,15,56,185,268
Luke Kennard,70,833,287,639,190,423,69,77
Marcus Morris Sr.,54,830,300,691,101,275,129,148
Cameron Johnson,66,822,279,607,166,391,98,114
O.G. Anunoby,48,822,309,697,115,317,89,118
Clint Capela,74,820,370,604,0,1,80,169
Josh Hart,54,807,287,569,73,213,160,211
Kyrie Irving,29,796,289,616,100,239,118,129
De'Anthony Melton,73,791,281,695,139,372,90,120
Trey Lyles,75,786,262,562,67,209,195,243
Ivica Zubac,76,785,310,495,0,0,165,227
Gordon Hayward,49,778,283,617,86,220,126,149
Coby White,61,772,279,644,136,353,78,91
Jeff Green,75,772,277,529,53,168,165,198
Danilo Gallinari,66,771,259,597,112,294,141,156
Eric Gordon,57,765,268,564,124,301,105,135
Mo Bamba,71,756,296,617,107,281,57,73
Chris Boucher,80,754,268,577,68,229,150,193
Paul George,31,754,268,636,91,257,127,148
Justin Holiday,74,749,261,662,177,482,50,62
Darius Bazley,69,745,274,649,80,269,117,170
Herbert Jones,78,742,274,576,57,169,137,163
Grayson Allen,66,733,255,569,159,389,64,74
Max Strus,68,721,249,564,181,442,42,53
Chris Duarte,55,720,268,621,94,255,90,112
Dwight Powell,82,717,269,401,13,37,166,212
Cedi Osman,66,709,247,572,128,359,87,131
De'Andre Hunter,53,709,254,575,74,195,127,166
Al Horford,69,701,266,569,89,265,80,95
Georges Niang,76,700,246,563,156,387,52,59
Bones Hyland,69,698,230,571,131,358,107,125
Kenyon Martin Jr.,79,696,279,523,60,168,78,123
Damian Lillard,29,695,222,552,92,284,159,181
Alperen Sengun,72,692,249,525,29,117,165,232
Nickeil Alexander-Walker,65,692,253,680,105,338,81,109
Malcolm Brogdon,36,687,243,543,58,186,143,167
Deni Avdija,82,685,250,579,82,259,103,136
JaVale McGee,74,680,288,458,2,9,102,146
Ayo Dosunmu,77,679,278,535,70,186,53,78
Gary Harris,61,679,240,553,116,302,83,95
Daniel Gafford,72,677,285,411,0,1,107,153
Josh Giddey,54,674,281,670,56,213,56,79
P.J. Washington,65,668,250,532,110,301,58,81
Brandon Clarke,64,666,288,447,5,22,85,130
Josh Richardson,65,666,234,534,102,246,96,108
Precious Achiuwa,73,664,265,603,56,156,78,131
Bryn Forbes,75,663,231,539,122,295,79,87
Ben McLemore,64,655,216,539,151,417,72,88
Jaxson Hayes,70,654,245,398,20,57,144,188
Jonathan Kuminga,70,652,236,460,50,149,130,190
Klay Thompson,32,652,246,573,114,296,46,51
Garrison Mathews,65,650,184,461,139,386,143,180
Obi Toppin,72,648,251,473,52,169,94,124
Bruce Brown,72,647,256,506,38,94,97,128
Jaden McDaniels,70,647,255,554,80,252,57,71
Pat Connaughton,65,645,227,496,146,370,45,54
Naz Reid,77,637,233,476,57,166,114,149
Hamidou Diallo,58,636,261,526,23,93,91,140
Corey Kispert,77,634,234,514,112,320,54,62
Jae Crowder,67,632,217,544,127,365,71,90
Tyus Jones,73,632,249,552,80,205,54,66
Terrence Ross,63,629,220,554,77,264,112,130
Cameron Payne,58,626,240,587,71,211,75,89
Tre Mann,60,625,231,588,98,272,65,82
Amir Coffey,69,619,211,466,96,254,101,117
Oshae Brissett,67,613,208,506,83,237,114,164
Mitchell Robinson,72,610,261,343,0,0,88,181
LaMarcus Aldridge,47,607,252,458,14,46,89,102
Robert Williams III,61,607,271,368,0,1,65,90
Chuma Okeke,70,605,216,575,118,371,55,65
Robert Covington,71,604,209,498,128,339,58,69
Grant Williams,77,602,205,432,106,258,86,95
Tim Hardaway Jr.,42,598,209,530,102,304,78,103
Talen Horton-Tucker,60,597,224,538,49,182,100,125
Gabe Vincent,68,591,214,513,119,323,44,54
Dillon Brooks,32,590,227,526,46,149,90,106
Isaiah Stewart,71,589,250,490,15,46,74,103
Isaac Okoro,67,588,207,431,55,157,119,155
Josh Christopher,74,587,224,500,56,189,83,113
Reggie Bullock,68,583,201,501,141,392,40,48
Andre Drummond,73,580,247,433,0,3,86,164
Doug McDermott,51,578,215,465,108,256,40,51
Landry Shamet,69,573,191,485,123,334,68,81
Cam Thomas,67,570,218,503,47,174,87,105
Royce O'Neale,77,570,203,444,119,306,45,56
Jalen Suggs,48,564,198,548,42,196,126,163
Moritz Wagner,63,564,197,396,66,201,104,129
Isaiah Hartenstein,68,563,229,366,14,30,91,132
Frank Jackson,53,560,194,483,86,279,86,104
Caleb Martin,60,551,208,410,64,155,71,93
Drew Eubanks,71,546,221,371,5,23,99,130
Cody Martin,71,544,204,423,61,159,75,107
Marvin Bagley III,48,540,225,446,23,97,67,101
Myles Turner,42,540,200,393,61,183,79,105
P.J. Tucker,71,539,207,428,80,193,45,61
Chimezie Metu,60,534,203,449,57,186,71,91
Eric Bledsoe,54,534,197,468,51,163,89,117
Hassan Whiteside,65,534,215,330,0,0,104,167
Patrick Beverley,58,533,177,436,83,242,96,133
Steven Adams,76,528,210,384,0,1,108,199
Jaylen Nowell,62,527,196,413,63,160,72,92
Raul Neto,70,526,204,441,35,120,83,108
Cory Joseph,65,521,178,400,65,157,100,113
Kyle Anderson,69,521,209,469,36,109,67,105
Torrey Craig,78,516,200,441,77,234,39,52
Otto Porter Jr.,63,515,193,416,80,216,49,61
Jarred Vanderbilt,74,512,212,361,2,14,86,131
Furkan Korkmaz,67,509,182,470,77,266,68,84
Gary Payton II,71,502,212,344,43,120,35,58
Taurean Prince,69,502,177,390,86,229,62,82
Ziaire Williams,62,501,191,424,76,242,43,55
Cam Reddish,49,497,165,408,66,184,101,112
Kevon Looney,82,491,208,364,0,1,75,125
Nicolas Batum,59,491,179,387,108,270,25,38
R.J. Hampton,64,489,175,457,64,183,75,117
Jordan Nwora,62,487,186,462,79,227,36,43
Mason Plumlee,73,477,205,320,0,2,67,171
Rui Hachimura,42,475,187,381,55,123,46,66
Duane Washington Jr.,48,473,173,427,81,215,46,61
Jalen Smith,51,470,176,350,40,122,78,102
Javonte Green,65,468,176,325,36,101,80,96
Richaun Holmes,45,468,198,300,2,5,70,90
Damion Lee,63,467,169,383,63,187,66,75
Aleksej Pokusevski,61,464,186,456,57,197,35,50
Lonzo Ball,35,455,162,383,110,260,21,28
Damian Jones,56,454,175,266,10,29,94,131
Isaiah Roby,45,454,166,323,44,99,78,116
Killian Hayes,66,453,176,459,44,167,57,74
Willy Hernangomez,50,453,170,327,4,12,109,141
Shake Milton,55,450,173,403,43,133,61,73
Rudy Gay,55,446,157,379,70,203,62,79
Ricky Rubio,34,445,149,411,59,174,88,103
Austin Reaves,61,444,146,318,53,167,99,118
Payton Pritchard,71,442,160,373,101,245,21,21
Nemanja Bjelica,71,433,160,342,54,149,59,81
JaMychal Green,67,432,159,327,33,124,81,93
Kemba Walker,37,431,149,370,73,199,60,71
DeMarcus Cousins,48,430,149,324,37,122,95,125
Dewayne Dedmon,67,422,164,290,19,47,75,100
Aaron Wiggins,50,416,156,337,42,138,62,85
Tre Jones,69,413,166,339,10,51,71,91
Maxi Kleber,59,411,141,354,83,255,46,65
Ish Smith,65,410,185,430,25,67,15,24
Jeremy Lamb,56,410,133,347,55,170,89,106
Nassir Little,42,410,145,315,51,154,69,94
Nic Claxton,47,410,178,264,0,0,54,93
Austin Rivers,67,403,146,350,79,231,32,44
Aaron Holiday,63,400,151,338,39,103,59,68
Avery Bradley,62,394,148,350,82,210,16,18
Onyeka Okongwu,48,392,156,226,0,0,80,110
Daniel Theis,47,384,151,291,33,107,49,72
Lance Stephenson,46,384,147,323,27,90,63,80
Lamar Stevens,63,383,156,319,18,65,53,75
Donte DiVincenzo,42,380,118,336,74,218,70,83
Matisse Thybulle,66,379,150,300,45,144,34,43
Dwight Howard,60,372,134,219,8,15,96,146
Danny Green,62,366,126,320,103,271,11,14
Jeremiah Robinson-Earl,49,366,134,324,58,165,40,54
Kelly Olynyk,40,365,128,286,40,119,69,89
Serge Ibaka,54,365,148,296,37,99,32,44
Trendon Watford,48,364,142,267,9,38,71,94
Kenrich Williams,49,363,146,317,41,121,30,55
Theo Maledon,51,361,119,317,44,150,79,100
Blake Griffin,56,359,133,313,38,145,55,76
Lou Williams,56,354,125,320,37,102,67,78
Goga Bitadze,50,349,131,252,23,80,64,94
John Konchar,72,349,135,262,52,126,27,49
Draymond Green,46,346,135,257,16,54,60,91
Mike Muscala,43,344,113,248,70,163,48,57
Tristan Thompson,57,344,141,267,1,3,61,116
Brandon Boston Jr.,51,343,125,325,34,111,59,72
Delon Wright,77,342,122,269,44,116,54,63
Jalen McDaniels,55,340,123,254,41,108,53,72
James Johnson,62,340,144,307,23,85,29,55
Ty Jerome,48,340,124,328,54,186,38,47
CJ Elleby,58,339,121,308,37,126,60,84
Keita Bates-Diop,59,335,136,263,17,55,46,61
Eric Paschall,58,334,114,235,40,108,66,86
George Hill,54,334,118,275,41,134,57,62
Trey Murphy III,62,334,109,277,71,186,45,51
Facundo Campazzo,65,332,107,296,58,193,60,78
Jose Alvarado,54,330,131,294,32,110,36,53
Josh Jackson,51,328,120,300,33,130,55,77
Joe Ingles,45,325,115,285,78,225,17,22
Thaddeus Young,52,322,141,272,17,48,23,49
Larry Nance Jr.,46,321,129,247,23,70,40,57
Stanley Johnson,48,320,117,251,33,105,53,74
Josh Green,67,319,130,256,28,78,31,45
Terry Taylor,33,318,135,220,12,38,36,51
Naji Marshall,55,313,109,269,21,105,74,93
Davis Bertans,56,311,99,275,77,230,36,40
Derrick Rose,26,311,122,274,37,92,30,31
Terence Davis,30,311,113,267,49,149,36,44
Brandon Williams,24,309,105,282,31,106,68,97
Garrett Temple,59,309,111,295,59,185,28,41
Alex Caruso,41,304,102,256,42,126,58,73
Omer Yurtseven,56,299,130,247,1,11,38,61
Juan Toscano-Anderson,73,298,115,235,28,87,40,70
Isaiah Jackson,36,297,116,206,5,16,60,88
D.J. Augustin,55,294,94,222,68,164,38,43
Armoni Brooks,54,288,98,289,74,249,18,21
Joshua Primo,50,288,101,270,42,137,44,59
Wayne Ellington,43,287,98,237,82,211,9,11
Derrick Jones Jr.,51,286,105,195,20,61,56,70
DeAndre' Bembry,56,284,124,221,15,36,21,35
Kessler Edwards,48,284,110,267,48,136,16,19
Troy Brown Jr.,66,283,108,258,47,133,20,26
Jevon Carter,66,277,98,253,66,170,15,18
Quentin Grimes,46,275,95,235,72,189,13,19
Justise Winslow,48,274,110,257,15,66,39,66
Rodney McGruder,51,273,98,225,58,146,19,26
Zeke Nnaji,41,270,96,186,37,80,41,65
Dean Wade,51,269,99,217,51,142,20,30
Keon Johnson,37,267,96,272,34,100,41,51
Jock Landale,54,265,101,204,29,89,34,41
Svi Mykhailiuk,56,255,91,234,41,134,32,37
Robin Lopez,36,254,110,199,2,6,32,54
Xavier Tillman,53,252,98,216,10,49,46,71
Wesley Matthews,49,249,87,220,53,157,22,28
Danuel House Jr.,42,248,80,198,44,117,44,58
Khem Birch,55,247,97,200,0,14,53,71
Frank Ntilikina,58,240,89,223,38,111,24,25
Alex Len,39,235,94,176,6,21,41,63
David Nwaba,46,233,85,176,15,49,48,67
Jordan McLaughlin,62,233,88,200,27,85,30,40
T.J. McConnell,27,229,100,208,10,33,19,23
Taj Gibson,52,229,86,166,15,38,42,52
Moses Moody,52,228,80,183,40,110,28,36
Timothe Luwawu-Cabarrot,52,227,74,186,44,122,35,41
Greg Brown III,48,225,81,190,19,61,44,65
Romeo Langford,48,218,83,191,29,85,23,42
Zach Collins,28,218,76,155,14,41,52,65
Maurice Harkless,47,217,83,181,31,101,20,28
Trey Burke,42,214,84,215,26,82,20,23
Bismack Biyombo,36,210,86,145,0,0,38,71
Ignas Brazdeikis,42,210,81,188,27,87,21,32
Davon Reed,48,209,81,161,37,86,10,15
Saben Lee,37,208,69,177,14,60,56,71
DeAndre Jordan,48,206,92,143,0,0,22,40
Dennis Smith Jr.,37,206,79,189,6,27,42,64
Derrick Favors,39,206,94,182,2,16,16,25
Dalano Banton,64,205,83,202,13,51,26,44
Thomas Bryant,27,201,77,148,12,42,35,40
Lindy Waters III,25,199,71,175,53,146,4,5
Day'Ron Sharpe,32,198,86,149,2,7,24,41
Isaiah Joe,55,198,62,177,45,135,29,31
Tomas Satoransky,55,198,72,191,11,53,43,54
Aaron Nesmith,52,196,72,182,31,115,21,26
Markelle Fultz,18,195,83,175,4,17,25,31
Trent Forrest,60,195,76,155,5,27,38,48
Malachi Flynn,44,189,72,183,30,90,15,24
Tony Snell,53,187,69,171,45,128,4,4
Vit Krejci,30,187,68,167,32,98,19,22
Luka Garza,32,186,66,147,16,49,38,61
Rajon Rondo,39,186,68,176,31,88,19,26
Isaiah Thomas,22,184,67,167,28,83,22,26
Anthony Gill,44,180,62,109,14,26,42,52
Keifer Sykes,32,180,69,190,27,90,15,17
Collin Sexton,11,176,68,151,11,45,29,39
Brandon Goodwin,36,171,64,154,19,55,24,38
Kelan Martin,30,171,70,171,22,75,9,13
Moses Brown,40,171,64,108,0,0,43,72
Thanasis Antetokounmpo,48,171,70,128,2,14,29,46
Rodney Hood,52,163,58,157,30,91,17,19
Tony Bradley,55,163,72,123,0,0,19,29
Yuta Watanabe,38,163,56,138,27,79,24,40
Brook Lopez,13,161,61,131,19,53,20,23
Jared Butler,42,161,61,151,28,88,11,16
Matt Thomas,40,161,55,134,35,91,16,20
Sterling Brown,49,160,59,155,28,92,14,15
Joe Harris,14,158,56,124,41,88,5,6
Goran Dragic,21,157,57,151,16,63,27,33
Gorgui Dieng,44,154,53,112,29,68,19,26
Marquese Chriss,34,154,62,134,8,25,22,33
Sandro Mamukelashvili,41,154,57,115,22,52,18,22
Olivier Sarr,22,153,58,101,13,29,24,29
Patrick Williams,17,153,54,102,15,29,30,41
Elfrid Payton,50,150,67,175,4,18,12,32
Nick Richards,50,150,60,90,0,0,30,43
Admiral Schofield,38,146,54,129,26,79,12,15
James Bouknight,31,142,49,141,17,49,27,31
Kira Lewis Jr.,24,141,59,146,13,58,10,12
Wenyen Gabriel,26,141,54,110,8,28,25,42
Cody Zeller,27,140,51,90,0,4,38,49
Nathan Knight,37,138,45,88,4,13,44,60
Josh Okogie,49,133,42,104,14,47,35,51
Kent Bazemore,39,132,45,139,29,80,13,17
Santi Aldama,32,132,53,132,6,48,20,32
Juancho Hernangomez,40,131,44,106,24,69,19,34
Jarrett Culver,37,130,51,135,12,47,16,34
Markieff Morris,17,129,54,114,13,39,8,9
Enes Freedom,35,128,51,97,2,5,24,28
Elijah Hughes,36,126,47,144,25,95,7,9
Markus Howard,31,126,39,101,28,70,20,23
Andre Iguodala,31,124,46,121,17,74,15,20
Isaiah Livers,19,121,41,90,27,64,12,14
Killian Tillie,36,118,43,127,27,86,5,8
Paul Reed,38,116,54,96,2,8,6,14
Paul Millsap,33,115,45,115,8,35,17,24
Dylan Windler,50,110,37,98,21,70,15,18
Ish Wainright,45,108,41,104,19,59,7,12
Kris Dunn,14,106,44,102,1,11,17,18
David Duke Jr.,22,104,39,108,9,37,17,21
Jaylen Hoard,7,103,44,90,9,25,6,14
Justin Anderson,16,102,36,95,15,59,15,19
Gary Clark,38,101,33,88,28,70,7,10
Victor Oladipo,8,99,35,73,15,36,14,19
Boban Marjanovic,23,98,42,70,1,4,13,22
Semi Ojeleye,30,98,30,99,15,50,23,29
PJ Dozier,18,97,36,99,15,48,10,13
Trevor Ariza,24,96,33,99,20,74,10,18
Frank Kaminsky,9,95,36,66,5,15,18,20
Keljin Blevins,31,95,34,111,21,72,6,11
Kevin Knox II,30,93,31,85,15,54,16,22
Reggie Perry,10,92,40,79,3,16,9,15
Jericho Sims,41,90,39,54,0,0,12,29
Michael Porter Jr.,9,89,37,103,10,48,5,9
Miles McBride,40,89,32,108,17,68,8,12
Bruno Fernando,30,88,36,55,1,2,15,24
Georgios Kalaitzakis,13,86,31,67,10,26,14,30
Nerlens Noel,25,85,32,60,0,3,21,30
Brad Wanamaker,23,83,28,77,4,17,23,25
Jake Layman,34,81,30,73,8,35,13,18
Justin Champagnie,36,81,31,67,10,28,9,9
Lindell Wigginton,19,80,26,61,9,26,19,35
Skylar Mays,28,80,32,64,8,25,8,9
Udoka Azubuike,17,80,37,49,0,0,6,11
Braxton Key,11,79,33,72,6,21,7,13
Justin Robinson,25,78,28,93,18,61,4,8
Daishen Nix,24,77,27,67,7,26,16,30
KZ Okpala,21,77,30,69,9,26,8,11
Greg Monroe,14,76,32,57,0,0,12,23
Kyle Guy,19,74,26,65,14,40,8,12
Malcolm Hill,19,72,24,52,13,36,11,14
Charles Bassey,23,69,30,47,0,4,9,12
Denzel Valentine,24,69,25,66,19,47,0,0
Mychal Mulder,17,69,24,77,17,54,4,4
Chris Chiozza,34,67,24,81,17,53,2,3
JT Thor,33,67,24,55,7,27,12,20
Tyler Cook,20,67,23,38,0,0,21,32
Sam Hauser,26,65,23,50,19,44,0,0
Vlatko Cancar,15,62,23,41,7,12,9,14
Joe Wieskamp,29,61,20,56,14,43,7,13
Jahmi'us Ramsey,19,60,24,58,5,18,7,14
Alfonzo McKinnie,17,59,24,61,9,27,2,8
Xavier Moon,10,58,25,51,5,14,3,5
Mamadi Diakite,13,56,25,47,0,5,6,11
Jabari Parker,12,53,18,38,8,16,9,9
Cassius Stanley,9,52,19,46,4,17,10,10
Jalen Johnson,22,52,22,41,3,13,5,7
Javonte Smart,17,51,19,60,8,27,5,6
Devin Cannady,5,50,15,44,15,37,5,7
Hassani Gravett,8,50,18,38,11,26,3,4
Jamorko Pickett,13,50,18,50,13,39,1,2
Leandro Bolmaro,35,50,17,54,5,18,11,13
Jay Scrubb,18,49,18,46,6,21,7,10
Theo Pinson,19,48,14,39,10,30,10,10
Usman Garuba,24,48,19,44,5,20,5,7
Devontae Cacok,15,46,21,31,0,0,4,7
Louis King,10,45,15,47,8,27,7,10
Neemias Queta,15,45,17,38,0,0,11,17
Zavier Simpson,4,44,19,52,1,8,5,5
Haywood Highsmith,19,43,16,46,9,28,2,5
Trevelin Queen,10,43,15,33,9,24,4,4
Alize Johnson,23,41,17,39,0,4,7,12
Kevin Pangos,24,39,15,46,6,26,3,4
Tim Frazier,12,39,14,45,6,17,5,9
Jared Harper,5,37,14,26,5,12,4,4
Didi Louzada,9,35,12,33,9,23,2,2
Abdel Nader,14,34,12,35,4,14,6,10
Willie Cauley-Stein,20,34,16,35,1,2,1,2
Bol Bol,14,33,15,27,1,4,2,5
Brandon Knight,5,32,10,25,4,17,8,8
Melvin Frazier Jr.,3,32,13,48,1,21,5,7
Udonis Haslem,13,32,14,31,1,4,3,3
Chaundee Brown Jr.,5,31,10,32,6,18,5,6
Paul Watson,9,31,12,35,6,26,1,2
Charlie Brown Jr.,22,30,10,39,1,12,9,10
D.J. Wilson,4,30,11,15,0,2,8,10
Luke Kornet,15,30,13,27,0,5,4,6
Quinndary Weatherspoon,11,30,12,21,1,5,5,5
Devon Dotson,11,29,11,23,2,9,5,9
James Ennis III,7,29,11,24,3,8,4,5
Ed Davis,31,28,11,16,0,0,6,14
Mason Jones,4,27,7,15,1,4,12,15
BJ Johnson,4,26,11,25,4,10,0,0
Chris Silva,10,26,8,15,0,0,10,12
Sam Merrill,6,25,8,24,7,23,2,4
Cameron Oliver,2,23,10,15,1,3,2,3
Carsen Edwards,4,23,9,30,4,16,1,1
Kai Jones,21,22,9,14,1,2,3,8
Wes Iwundu,3,22,8,18,3,5,3,4
Brodric Thomas,12,21,8,18,2,9,3,5
Freddie Gillespie,9,21,9,22,0,1,3,7
Malik Fitts,15,21,8,19,5,10,0,0
Rayjon Tucker,5,21,6,9,4,5,5,7
Isaiah Todd,12,20,7,26,4,16,2,6
Vernon Carey Jr.,7,20,7,13,0,0,6,13
Derrick Walton Jr.,3,19,6,26,3,13,4,4
Jeff Dowtin Jr.,9,19,8,26,1,9,2,2
Gabriel Deck,7,18,8,14,2,4,0,0
Nik Stauskas,8,18,5,14,4,10,4,6
Marko Simonovic,9,17,4,15,1,5,8,11
Tyler Johnson,6,17,6,20,5,13,0,0
Tyrone Wallace,6,17,7,20,2,8,1,5
Ryan Arcidiacono,10,16,6,12,4,9,0,0
Justin Jackson,7,15,5,15,3,9,2,2
RJ Nembhard Jr.,14,15,6,18,0,2,3,4
Aleem Ford,5,14,6,20,2,15,0,0
Cameron McGriff,3,14,5,14,2,6,2,2
Cassius Winston,7,14,4,11,2,6,4,4
Langston Galloway,7,14,6,26,2,16,0,0
Petr Cornelie,13,14,5,15,1,8,3,4
Sekou Doumbouya,2,14,5,8,1,2,3,4
Gabriel Lundberg,4,13,5,19,3,8,0,0
Marcus Garrett,12,13,5,21,1,4,2,5
Myles Powell,11,13,5,17,1,6,2,2
Yves Pons,12,13,5,16,3,9,0,2
Isaac Bonga,15,12,3,13,1,4,5,8
Micah Potter,3,12,5,11,0,2,2,2
Tacko Fall,11,12,5,12,0,0,2,7
Cheick Diallo,3,11,3,8,0,0,5,6
Tremont Waters,3,10,4,14,2,9,0,0
Daniel Oturu,3,9,3,6,0,1,3,5
Gabe York,2,8,2,7,1,6,3,5
Mac McClung,2,8,3,6,1,3,1,1
Malik Newman,1,8,3,5,0,1,2,2
Solomon Hill,13,8,3,20,2,13,0,0
Eugene Omoruyi,4,7,2,5,1,2,2,4
Robert Woodard II,12,7,2,16,1,4,2,2
Sharife Cooper,13,7,3,14,1,6,0,0
Craig Sword,3,6,3,4,0,1,0,0
Dakota Mathias,6,6,2,6,2,6,0,0
Norvel Pelle,3,6,3,5,0,0,0,0
Paris Bass,2,6,2,6,0,2,2,2
Trevon Scott,2,6,3,6,0,1,0,0
Jordan Schakel,4,5,1,11,1,6,2,2
Juwan Morgan,2,5,2,3,1,2,0,0
McKinley Wright IV,5,5,2,3,1,2,0,0
Miye Oni,16,5,2,9,1,8,0,1
Moses Wright,4,5,1,4,0,1,3,3
Wayne Selden,3,5,1,4,1,2,2,4
Xavier Sneed,9,5,2,10,1,8,0,0
Carlik Jones,5,4,1,9,0,1,2,2
Chandler Hutchison,6,4,1,2,0,0,2,2
Damyean Dotson,2,4,2,4,0,1,0,0
Darren Collison,3,4,2,7,0,3,0,0
Jemerrio Jones,2,4,2,3,0,0,0,0
Scotty Hopson,1,4,2,4,0,1,0,0
Shaquille Harrison,2,4,2,6,0,2,0,0
Deividas Sirvydis,3,3,1,10,1,7,0,0
Emmanuel Mudiay,2,3,0,2,0,0,3,4
Matt Ryan,1,3,1,5,1,5,0,0
Rob Edwards,2,3,1,4,1,4,0,0
Aaron Henry,6,2,1,5,0,1,0,0
Ahmad Caver,1,2,1,1,0,0,0,0
DaQuan Jeffries,3,2,1,2,0,1,0,0
Jaden Springer,2,2,1,1,0,0,0,0
Jarron Cumberland,3,2,1,2,0,1,0,0
Jaylen Morris,3,2,0,6,0,2,2,4
Joe Johnson,1,2,1,1,0,0,0,0
Joel Ayayi,7,2,1,6,0,1,0,0
Shaq Buchanan,2,2,1,4,0,2,0,0
Tyrell Terry,2,2,1,1,0,0,0,0
George King,4,1,0,5,0,4,1,2
Scottie Lewis,2,1,0,0,0,0,1,2
Ade Murkey,1,0,0,0,0,0,0,0
Anthony Lamb,2,0,0,2,0,2,0,0
Arnoldas Kulboka,2,0,0,1,0,1,0,0
CJ Miles,1,0,0,0,0,0,0,0
Cat Barber,3,0,0,4,0,0,0,4
David Johnson,2,0,0,1,0,1,0,0
DeJon Jarreau,1,0,0,0,0,0,0,0
Emanuel Terry,3,0,0,5,0,0,0,0
Feron Hunt,2,0,0,2,0,0,0,0
JaQuori McLaughlin,4,0,0,2,0,1,0,0
Jaime Echenique,1,0,0,0,0,0,0,0
Javin DeLaurier,1,0,0,0,0,0,0,0
Jay Huff,4,0,0,3,0,2,0,0
Jaysean Paige,1,0,0,3,0,2,0,0
Jon Teske,3,0,0,1,0,0,0,2
Jordan Bell,1,0,0,0,0,0,0,0
Jordan Goodwin,2,0,0,3,0,1,0,0
MJ Walker,2,0,0,4,0,2,0,0
Matt Mooney,1,0,0,1,0,1,0,0
Nate Hinton,2,0,0,1,0,0,0,0
Sam Dekker,1,0,0,0,0,0,0,0
Trayvon Palmer,1,0,0,1,0,0,0,0
Tyler Hall,1,0,0,0,0,0,0,0
Zylan Cheatham,1,0,0,3,0,2,0,0